{
  "device_selection": 0.008327245712280273,
  "model_load": 0.7729001045227051,
  "image_load": 0.010347604751586914,
  "preprocess": 0.00038051605224609375,
  "inference": 0.15849947929382324,
  "postprocess_save": 0.01066899299621582,
  "total": 0.9611301422119141,
  "total_excl_model_load": 0.18823003768920898,
  "device_selection_ms": 8,
  "model_load_ms": 772,
  "image_load_ms": 10,
  "preprocess_ms": 0,
  "inference_ms": 158,
  "postprocess_save_ms": 10,
  "total_ms": 961,
  "total_excl_model_load_ms": 188
}