{
  "device_selection": 0.008453130722045898,
  "model_load": 1.7165014743804932,
  "image_load": 0.015089988708496094,
  "transform": 0.004161357879638672,
  "inference": 0.1424884796142578,
  "postprocess_save": 0.0008425712585449219,
  "total": 1.887542963027954,
  "total_excl_model_load": 0.17104148864746094,
  "device_selection_ms": 8,
  "model_load_ms": 1716,
  "image_load_ms": 15,
  "transform_ms": 4,
  "inference_ms": 142,
  "postprocess_save_ms": 0,
  "total_ms": 1887,
  "total_excl_model_load_ms": 171
}