{
  "device_selection": 0.008900880813598633,
  "model_load": 1.753824234008789,
  "image_load": 0.015163421630859375,
  "transform": 0.004250526428222656,
  "inference": 0.1483907699584961,
  "postprocess_save": 0.0008759498596191406,
  "total": 1.9314117431640625,
  "total_excl_model_load": 0.17758750915527344,
  "device_selection_ms": 8,
  "model_load_ms": 1753,
  "image_load_ms": 15,
  "transform_ms": 4,
  "inference_ms": 148,
  "postprocess_save_ms": 0,
  "total_ms": 1931,
  "total_excl_model_load_ms": 177
}